<?xml version="1.0" encoding="UTF-8"?>
<project-private xmlns="http://www.netbeans.org/ns/project-private/1">
    <editor-bookmarks xmlns="http://www.netbeans.org/ns/editor-bookmarks/2" lastBookmarkId="0"/>
    <open-files xmlns="http://www.netbeans.org/ns/projectui-open-files/2">
        <group>
            <file>file:/D:/%231%20Programming_playlist/Library_management_system/src/com/mysql/jdbc/Drivers.java</file>
            <file>file:/D:/%231%20Programming_playlist/Library_management_system/src/library_management_system/login.java</file>
            <file>file:/D:/%231%20Programming_playlist/Library_management_system/src/project/ConnectionProvider.java</file>
        </group>
    </open-files>
</project-private>
